type,title,url,domain
url,,http://arxiv.org/pdf/1905.13350.pdf,arxiv.org
url,,http://arxiv.org/pdf/2301.04408v1.pdf,arxiv.org
url,,http://arxiv.org/pdf/2405.01789.pdf,arxiv.org
url,,http://arxiv.org/pdf/2405.19104.pdf,arxiv.org
url,,http://arxiv.org/pdf/2410.13103.pdf,arxiv.org
url,,http://arxiv.org/pdf/2410.15194.pdf,arxiv.org
url,,http://arxiv.org/pdf/2411.00563.pdf,arxiv.org
url,,http://arxiv.org/pdf/2412.19482.pdf,arxiv.org
url,,http://arxiv.org/pdf/2501.07856.pdf,arxiv.org
url,,http://arxiv.org/pdf/2504.04945.pdf,arxiv.org
url,,http://economicspace.pgasa.dp.ua/article/view/345578,economicspace.pgasa.dp.ua
url,,http://efm.vsau.org/en/particles/investment-funds-and-their-role-in-the-stock-market-etf-mutual-funds-hedge-funds,efm.vsau.org
url,,http://link.springer.com/10.1007/978-3-030-30244-3_9,link.springer.com
url,,http://link.springer.com/10.1007/978-3-319-99085-9_13,link.springer.com
url,,http://link.springer.com/10.1057/palgrave.dutr.1840010,link.springer.com
url,,http://pm-research.com/lookup/doi/10.3905/jwm.2025.1.272,pm-research.com
url,,http://tjprc.org/publishpapers/2-35-1543922383-2.IJAFMRDEC20182.pdf,tjprc.org
url,,http://www.actuarialstandardsboard.org/asops/measuring-retiree-group-benefit-obligations/,www.actuarialstandardsboard.org
url,,http://www.emerald.com/jabs/article/18/3/565-592/1221449,www.emerald.com
url,,http://www.emerald.com/jbs/article/42/4/249-256/224552,www.emerald.com
url,,http://www.emerald.com/raf/article/21/5/449-485/360123,www.emerald.com
url,,http://www.hrpub.org/download/20201230/UJER7-19517314.pdf,www.hrpub.org
url,,http://www.jstatsoft.org/v11/b04/,www.jstatsoft.org
url,,http://www.koersjournal.org.za/index.php/koers/article/download/652/766,www.koersjournal.org.za
url,,http://www.ssrn.com/abstract=2731863,www.ssrn.com
url,,http://www.ssrn.com/abstract=412592,www.ssrn.com
url,,https://a16z.com/funding-when-capital-isnt-cheap/,a16z.com
url,,https://academia.edu.pk/index.php/Journals/article/view/912,academia.edu.pk
url,,https://academic.oup.com/ckj/article/14/3/1029/5899259,academic.oup.com
url,,https://acadrev.duan.edu.ua/images/PDF/2021/1/12.pdf,acadrev.duan.edu.ua
url,,https://advisorlegacy.com/blog/guide-to-business-succession-planning-services,advisorlegacy.com
url,,https://aleta.io/knowledge-hub/the-family-office-structure,aleta.io
url,,https://alysterling.com/philanthropic-advisor/,alysterling.com
url,,https://americasprofessor.com/general/study-materials-for-the-national-or-federal-insurance-exam/,americasprofessor.com
url,,https://analystprep.com/shop/all-3-levels-of-the-cfa-exam-complete-course-by-analystprep/,analystprep.com
url,,https://analystprep.com/study-notes/cfa-level-iii/family-governance/,analystprep.com
url,,https://andsimple.co/guides/family-office-structure/,andsimple.co
url,,https://arxiv.org/ftp/arxiv/papers/2312/2312.01752.pdf,arxiv.org
url,,https://arxiv.org/pdf/1510.00878.pdf,arxiv.org
url,,https://arxiv.org/pdf/1712.05128.pdf,arxiv.org
url,,https://arxiv.org/pdf/2001.01659.pdf,arxiv.org
url,,https://arxiv.org/pdf/2112.01237.pdf,arxiv.org
url,,https://arxiv.org/pdf/2112.09767.pdf,arxiv.org
url,,https://arxiv.org/pdf/2212.14402.pdf,arxiv.org
url,,https://arxiv.org/pdf/2306.16092.pdf,arxiv.org
url,,https://arxiv.org/pdf/2310.19023.pdf,arxiv.org
url,,https://arxiv.org/pdf/2402.17932.pdf,arxiv.org
url,,https://asora.com/blog/part-6-create-a-family-office-governance-structure/,asora.com
url,,https://assets.cureus.com/uploads/original_article/pdf/11856/1566922235-20190827-2455-19rdqxc.pdf,assets.cureus.com
url,,https://assets.cureus.com/uploads/original_article/pdf/9787/1519929824-20180301-147-uwohzw.pdf,assets.cureus.com
url,,https://bankingtruths.com/infinite-banking-concept-explained/,bankingtruths.com
url,,https://beachcitiesestatelaw.com/four-categories-of-estate-planning-firms-part-two/,beachcitiesestatelaw.com
url,,https://blogs.loc.gov/law/2017/03/the-administration-of-a-probate-estate-a-beginners-guide/,blogs.loc.gov
url,,https://bmcpregnancychildbirth.biomedcentral.com/articles/10.1186/s12884-023-06161-9,bmcpregnancychildbirth.biomedcentral.com
url,,https://bsic.it/staples-of-private-equity-dividend-recapitalization/,bsic.it
url,,https://business.linkedin.com/en-in/talent-solutions/resources/talent-acquisition/job-descriptions/wealth-manager,business.linkedin.com
url,,https://business.purdue.edu/graduate-programs/blog/posts/should-you-become-an-auditor.php,business.purdue.edu
url,,https://businessperspectives.org/images/pdf/applications/publishing/templates/article/assets/9938/imfi_2018_01_Chiang.pdf,businessperspectives.org
url,,https://ca.andersen.com/blog/role-of-external-advisors-in-succession-planning-the-benefits-of-involving-external-advisors-in-the-succession-planning-process/,ca.andersen.com
url,,https://calawyers.org/trusts-and-estates/season-5-episode-8-how-to-prepare-for-the-2025-csb-legal-specialization-examination-in-estate-planning-trusts-probate-law/,calawyers.org
url,,https://capflowfunding.com/how-factoring-provides-working-capital-with-no-added-debt/,capflowfunding.com
url,,https://careers.onepeloton.com/en/all-jobs/7290828/head-of-compliance-policy-regulatory-affairs/,careers.onepeloton.com
url,,https://careertraining.ed2go.com/slcc/training-programs/certified-credit-financial-health-counselor/,careertraining.ed2go.com
url,,https://carta.com/learn/private-funds/management/dividend-recapitalization/,carta.com
url,,https://carta.com/learn/private-funds/private-equity/pe-fund-structures/,carta.com
url,,https://ccsenet.org/journal/index.php/ijef/article/download/0/0/46742/49949,ccsenet.org
url,,https://centriconsulting.com/services/mergers-acquisitions/,centriconsulting.com
url,,https://chipfilson.com/2024/05/alternatives-to-the-credit-union-system/,chipfilson.com
url,,https://cmls-global.com/wp-content/uploads/2018/03/Trusts-Law.pdf,cmls-global.com
url,,https://coconote.app/notes/c008d51a-07c1-430c-b08f-f5be1cb1f76e,coconote.app
url,,https://corporatefinanceinstitute.com/certifications/commercial-banking-credit-analyst-certification-cbca/,corporatefinanceinstitute.com
url,,https://corporatefinanceinstitute.com/resources/career/institutional/,corporatefinanceinstitute.com
url,,https://corporatefinanceinstitute.com/resources/career/middle-office/,corporatefinanceinstitute.com
url,,https://corporatefinanceinstitute.com/resources/career/types-of-financial-analysts-careers/,corporatefinanceinstitute.com
url,,https://cowenpartners.com/building-the-executive-team-of-a-family-office/,cowenpartners.com
url,,https://csdb.sciforce.org/CSDB/article/view/243,csdb.sciforce.org
url,,https://curriculum.law.georgetown.edu/llm/llm-certificate-programs/llm-international-taxation-certificate/,curriculum.law.georgetown.edu
url,,https://cybersecurityguide.org/industries/financial/,cybersecurityguide.org
url,,https://dalton-education.com/study-materials,dalton-education.com
url,,https://devotion.greenvest.co.id/index.php/dev/article/view/25506,devotion.greenvest.co.id
url,,https://digitalcommons.uri.edu/cgi/viewcontent.cgi?article=1236&context=hdf_facpubs,digitalcommons.uri.edu
url,,https://drpress.org/ojs/index.php/fbem/article/view/31293,drpress.org
url,,https://e-jabt.org/index.php/JABT/article/download/133/112,e-jabt.org
url,,https://e-journals.dinamika.ac.id/jamb/article/download/246/172,e-journals.dinamika.ac.id
url,,https://emoneyadvisor.com/blog/what-is-financial-psychology-and-how-can-financial-advisors-use-it/,emoneyadvisor.com
url,,https://en.wikipedia.org/wiki/Financial_analyst,en.wikipedia.org
url,,https://equitymultiple.com/blog/real-estate-asset-management,equitymultiple.com
url,,https://escholarship.org/content/qt0281w33h/qt0281w33h.pdf?t=oh3gqp,escholarship.org
url,,https://farhatlectures.com/courses/far-becker-supplemental-course-2024/,farhatlectures.com
url,,https://federal-lawyer.com/corporate-compliance/forensic-accounting/divorce-family-law/,federal-lawyer.com
url,,https://files.klgates.com/files/publication/198e978e-6a94-4b7a-bbfa-c0dfc756c079/presentation/publicationattachment/2e53ed98-956a-4bc4-a4f0-7e1a19a84351/the_combined_role_of_gc_and_cco.pdf,files.klgates.com
url,,https://financeunlocked.com/videos/who-works-in-a-hedge-fund,financeunlocked.com
url,,https://financialplanningonline.bu.edu/curriculum/books-and-materials/,financialplanningonline.bu.edu
url,,https://gbfamilylaw.com/blogs/the-role-of-a-forensic-accountant-in-a-divorce/,gbfamilylaw.com
url,,https://go.plantemoran.com/rs/946-CTY-601/images/PM_Family_Office_CIO.pdf,go.plantemoran.com
url,,https://goodegginvestments.com/blog/infinite-banking-whole-life-insurance/,goodegginvestments.com
url,,https://graduate.northeastern.edu/knowledge-hub/what-does-a-regulatory-affairs-specialist-do/,graduate.northeastern.edu
url,,https://gsconlinepress.com/journals/gscarr/node/2668,gsconlinepress.com
url,,https://hilcoglobal.com/services/real-estate-asset-management/,hilcoglobal.com
url,,https://hr.ncsu.edu/wp-content/uploads/2024/08/ComPysch-Retirement-Planning-Guide.pdf,hr.ncsu.edu
url,,https://hrmars.com/papers_submitted/11180/competency-of-professional-accountant-in-malaysia-as-attributes-towards-compliance-of-amla-2001.pdf,hrmars.com
url,,https://hrmars.com/papers_submitted/15079/amla-regime-compliance-and-confidentiality-of-client-information.pdf,hrmars.com
url,,https://ieeexplore.ieee.org/document/10297774/,ieeexplore.ieee.org
url,,https://ieeexplore.ieee.org/document/10534684/,ieeexplore.ieee.org
url,,https://ieeexplore.ieee.org/document/10601471/,ieeexplore.ieee.org
url,,https://ieeexplore.ieee.org/document/11289265/,ieeexplore.ieee.org
url,,https://ieeexplore.ieee.org/document/11292494/,ieeexplore.ieee.org
url,,https://ijabs.ub.ac.id/index.php/ijabs/article/download/364/pdf,ijabs.ub.ac.id
url,,https://ijbms.net/assets/files/1671066409.pdf,ijbms.net
url,,https://ijcesen.com/index.php/ijcesen/article/view/3757,ijcesen.com
url,,https://ijsra.net/sites/default/files/IJSRA-2024-0267.pdf,ijsra.net
url,,https://ijsra.net/sites/default/files/IJSRA-2024-0284.pdf,ijsra.net
url,,https://imarticus.org/blog/cfa-books/,imarticus.org
url,,https://info.nyif.com/careers-working-with-hedge-funds/,info.nyif.com
url,,https://insightsoftware.com/encyclopedia/reporting-bi/,insightsoftware.com
url,,https://inspirajournals.com/home/viewdetails/?id=7622,inspirajournals.com
url,,https://investmentsandwealth.org/certifications/compare-financial-advisor-certifications,investmentsandwealth.org
url,,https://iongroup.com/blog/treasury/understanding-treasury-management-a-comprehensive-guide/,iongroup.com
url,,https://iqeq.com/insights/family-wealth-governance-the-importance-of-the-family-mission-statement/,iqeq.com
url,,https://iqeq.com/services/sovereign-wealth-funds/,iqeq.com
url,,https://ironclad.law/series-7-license/,ironclad.law
url,,https://iscservices.com/estimating-life-expectancy-underwriting-exercise/,iscservices.com
url,,https://isjem.com/download/a-study-on-customer-satisfaction-on-e-banking-services/,isjem.com
url,,https://jackolg.com/regulatory-compliance-counsel/,jackolg.com
url,,https://jmla.pitt.edu/ojs/jmla/article/download/619/816,jmla.pitt.edu
url,,https://jmslawltd.com/the-3-types-of-estate-attorneys-and-finding-the-right-attorney-for-your-needs/,jmslawltd.com
url,,https://jobs.fidelity.com/en/teams/customer-service/,jobs.fidelity.com
url,,https://journal.unesa.ac.id/index.php/jim/article/view/8983,journal.unesa.ac.id
url,,https://journal2.uad.ac.id/index.php/commicast/article/download/10004/4391,journal2.uad.ac.id
url,,https://journaljammr.com/index.php/JAMMR/article/view/5187,journaljammr.com
url,,https://journals.nupp.edu.ua/sunz/article/view/4070,journals.nupp.edu.ua
url,,https://journals.sagepub.com/doi/10.1177/003172170308401003,journals.sagepub.com
url,,https://journals.sagepub.com/doi/10.1177/23779608221113539,journals.sagepub.com
url,,https://journals.sagepub.com/doi/pdf/10.1177/0894486520938891,journals.sagepub.com
url,,https://journals.sagepub.com/doi/pdf/10.1177/10564926231191081,journals.sagepub.com
url,,https://jurnal.polgan.ac.id/index.php/sinkron/article/view/13042,jurnal.polgan.ac.id
url,,https://klasing-associates.com/estate-planning/international-estate-planning/,klasing-associates.com
url,,https://kulawr.msal.ru/jour/article/download/145/145,kulawr.msal.ru
url,,https://kurdishstudies.net/article-detail/?id=3785,kurdishstudies.net
url,,https://learn.marsdd.com/article/accounting-roles-bookkeeper-controller-chief-financial-officer-cfo/,learn.marsdd.com
url,,https://learn.microsoft.com/en-us/dynamics365/business-central/reports-bi-reporting,learn.microsoft.com
url,,https://legal.thomsonreuters.com/blog/5-essential-steps-for-kyc-aml-onboarding-and-compliance/,legal.thomsonreuters.com
url,,https://legal.thomsonreuters.com/en/insights/articles/what-gcs-and-ccos-can-learn-from-each-other,legal.thomsonreuters.com
url,,https://link.springer.com/10.1007/978-3-030-68560-7_11,link.springer.com
url,,https://link.springer.com/10.1007/s40815-021-01130-w,link.springer.com
url,,https://link.springer.com/10.1057/s41264-021-00103-2,link.springer.com
url,,https://loughlinlawpa.com/how-to-choose-an-estate-planning-attorney/,loughlinlawpa.com
url,,https://lsalawyers.com/2024/02/estate-law-attorney-specialties/,lsalawyers.com
url,,https://lsminsurance.ca/info-hub/infinite-banking-explained-guide/,lsminsurance.ca
url,,https://lumsdencpa.com/blog/view/exploring-the-roles-of-a-trust-protector/,lumsdencpa.com
url,,https://marquee-equity.com/mergers-and-acquisition-services/,marquee-equity.com
url,,https://mededpublish.org/articles/14-41/v1,mededpublish.org
url,,https://mededu.jmir.org/2024/1/e56128,mededu.jmir.org
url,,https://mergersandinquisitions.com/credit-analyst-career-path/,mergersandinquisitions.com
url,,https://mergersandinquisitions.com/front-office-middle-office-back-office/,mergersandinquisitions.com
url,,https://mergersandinquisitions.com/hedge-fund-career-path/,mergersandinquisitions.com
url,,https://moshtaellaw.com/property-division/forensic-accounting-to-help-with-property-division/,moshtaellaw.com
url,,https://myfw.com/articles/strategic-treasury-management-optimizing-cash-flow-liquidity-and-risk-for-business-growth/,myfw.com
url,,https://nepjol.info/index.php/jong/article/view/70184,nepjol.info
url,,https://nsuworks.nova.edu/ijahsp/vol21/iss4/24/,nsuworks.nova.edu
url,,https://nvca.org/careers/general-counsel-chief-compliance-officer-advaita-capital/,nvca.org
url,,https://ondato.com/blog/anti-money-laundering-compliance/,ondato.com
url,,https://online.fit.edu/degrees/undergraduate/ba-hr-management/benefits-specialist-career-and-salary-profile/,online.fit.edu
url,,https://online.maryville.edu/online-bachelors-degrees/finance/careers/what-is-financial-therapy/,online.maryville.edu
url,,https://onlinelibrary.wiley.com/doi/10.1111/ajps.12635,onlinelibrary.wiley.com
url,,https://open.umn.edu/opentextbooks/textbooks/343,open.umn.edu
url,,https://openknowledge.worldbank.org/bitstream/10986/31532/4/WPS8803.pdf,openknowledge.worldbank.org
url,,https://palumbowm.com/services/family-governance-education/,palumbowm.com
url,,https://paperbell.com/blog/finance-coach-certification/,paperbell.com
url,,https://peerj.com/articles/cs-658,peerj.com
url,,https://people.bu.edu/dhackbar/RFS-2012.pdf,people.bu.edu
url,,https://pmc.ncbi.nlm.nih.gov/articles/PMC10100622/,pmc.ncbi.nlm.nih.gov
url,,https://pmc.ncbi.nlm.nih.gov/articles/PMC10157437/,pmc.ncbi.nlm.nih.gov
url,,https://pmc.ncbi.nlm.nih.gov/articles/PMC10839228/,pmc.ncbi.nlm.nih.gov
url,,https://pmc.ncbi.nlm.nih.gov/articles/PMC11151420/,pmc.ncbi.nlm.nih.gov
url,,https://pmc.ncbi.nlm.nih.gov/articles/PMC2268232/,pmc.ncbi.nlm.nih.gov
url,,https://pmc.ncbi.nlm.nih.gov/articles/PMC3858572/,pmc.ncbi.nlm.nih.gov
url,,https://pmc.ncbi.nlm.nih.gov/articles/PMC7486057/,pmc.ncbi.nlm.nih.gov
url,,https://portusadvisors.com/insights/your-business-succession-team-who-needs-to-be-involved-and-why-your-financial-advisor-is-key/,portusadvisors.com
url,,https://poverty.com.pk/index.php/Journal/article/view/822,poverty.com.pk
url,,https://prestigeestateservices.com/appraisals/meet-our-appraisers/,prestigeestateservices.com
url,,https://proassurance.com/knowledge-center/different-types-of-insurance,proassurance.com
url,,https://qubit.capital/blog/private-equity-fund-structure,qubit.capital
url,,https://repositorio.unican.es/xmlui/bitstream/10902/15896/1/EntrepreneurialOrientationAndTheFamily%20.pdf,repositorio.unican.es
url,,https://research.e-greenation.org/GIJLSS/article/view/321,research.e-greenation.org
url,,https://resources.fenergo.com/blogs/kyc-aml,resources.fenergo.com
url,,https://riskonnect.com/enterprise-risk-management/orm-vs-erm-what-are-the-fundamental-differences/,riskonnect.com
url,,https://riveterinc.com/what-does-a-family-office-professional-do/,riveterinc.com
url,,https://rsmus.com/services/merger-acquisition.html,rsmus.com
url,,https://rsthomas.com/property-casualty-vs-life-health-licensing/,rsthomas.com
url,,https://safepacific.com/the-6-essential-principles-of-the-infinite-banking-concept-explained/,safepacific.com
url,,https://safpj.co.za/index.php/safpj/article/download/5866/8491,safpj.co.za
url,,https://sajip.co.za/index.php/sajip/article/download/940/1075,sajip.co.za
url,,https://sandovallegacygroup.com/trust-administration-key-duties-and-best-practices/,sandovallegacygroup.com
url,,https://sanscientific.com/journal/index.php/rbm/article/download/186/349,sanscientific.com
url,,https://shareok.org/bitstream/11244/24985/1/10.1177.0148558x9400900216.pdf,shareok.org
url,,https://shareok.org/bitstream/11244/24986/1/10.1177.0148558x9501000202.pdf,shareok.org
url,,https://shoptax.wolterskluwer.com/en/pract-guide-to-inter-transac-2025.html,shoptax.wolterskluwer.com
url,,https://singhlawfirm.com/blog/are-there-different-types-of-estate-planning-lawyer-services/,singhlawfirm.com
url,,https://smallbusinessresources.wf.com/good-business-credit-and-diverse-business/,smallbusinessresources.wf.com
url,,https://som.yale.edu/executive-education/for-individuals/finance/investment-management-theory-practice,som.yale.edu
url,,https://splashbi.com/blog/what-is-financial-data-analysis-and-reporting-system/,splashbi.com
url,,https://store.ceb.com/products/california-trust-administration,store.ceb.com
url,,https://store.legal.thomsonreuters.com/law-products/Practice-Areas/Estate-Planning/c/20126?page=1,store.legal.thomsonreuters.com
url,,https://store.lexisnexis.com/en-us/products/rhoades-langer-us-international-taxation-and-tax-treaties-grpussku10561.html,store.lexisnexis.com
url,,https://subscription.westacademic.com/Book/Detail?id=26688&q=international+tax+law+in+a+nutshell,subscription.westacademic.com
url,,https://surgent.com/wp-content/uploads/2019/09/How-To-Pass-CPA-3-Weeks-Whitepaper.pdf,surgent.com
url,,https://symbiosisonlinepublishing.com/family-business-management/family-business-management36.pdf,symbiosisonlinepublishing.com
url,,https://taulia.com/glossary/what-is-accounts-receivable-factoring/,taulia.com
url,,https://tcmccabe.com/services/generational-planning/,tcmccabe.com
url,,https://thearc.org/financial-planning-resources/,thearc.org
url,,https://theestatelawyers.com/trust-administration/,theestatelawyers.com
url,,https://thefopro.com/how-to-set-up-an-investment-committee/,thefopro.com
url,,https://thrivewealth.com/careers/relationship-manager-financial-planning-services/,thrivewealth.com
url,,https://tpi.org,tpi.org
url,,https://tpi.org/resource/a-guide-to-working-with-philanthropic-advisors/,tpi.org
url,,https://training-nyc.com/learn/financial-modeling/types-of-financial-models,training-nyc.com
url,,https://treasuryxl.com/what-is-cash-management/liquidity-management-in-treasury/,treasuryxl.com
url,,https://trustandwill.com/learn/fiduciary-duties,trustandwill.com
url,,https://ucnet.universityofcalifornia.edu/benefits/retirement/retirement-planning-resources/,ucnet.universityofcalifornia.edu
url,,https://virtusinterpress.org/Tracking-financial-crime-through-code-and-law-A-review-of-RegTech-applications-in-anti-money-laundering-and-terrorism-financing.html,virtusinterpress.org
url,,https://wagner.edu/lifelong-learning/credit-counselor/,wagner.edu
url,,https://wealthcarelawyer.com/articles/client-self-help/what-california-attorneys-use-to-prepare-for-the-specialist-exam-in-estate-planning-trust-and-probate-law/,wealthcarelawyer.com
url,,https://wgfa.wharton.upenn.edu/wp-content/uploads/2020/04/Single-Family-Office-The-Art-of-effective-Wealth-Management.pdf,wgfa.wharton.upenn.edu
url,,https://winget-hernandez.com/2025/07/31/trust-protector-role-and-duties/,winget-hernandez.com
url,,https://wiss.com/service/mergers-acquisitions-and-valuation/,wiss.com
url,,https://www.6clicks.com/resources/blog/enterprise-risk-management-vs.-operational-risk-management,www.6clicks.com
url,,https://www.acc.com/resource-library/practice-us-federal-securities-law-house-counsel-perspective,www.acc.com
url,,https://www.aclweb.org/anthology/P18-4007.pdf,www.aclweb.org
url,,https://www.affinity.co/blog/lp-gp-relationships,www.affinity.co
url,,https://www.allbusinessschools.com/specialties/loan-officer/,www.allbusinessschools.com
url,,https://www.appraisers.org/docs/default-source/9.-credentialing/bv-fnl-bv-accreditation-guide.pdf?sfvrsn=56409172_16,www.appraisers.org
url,,https://www.ashrm.org/system/files?file=media%2Ffile%2F2019%2F06%2FERM-Tool_final.pdf,www.ashrm.org
url,,https://www.asimplemodel.com/insights/private-equity-fund-structure-gp-and-management-company,www.asimplemodel.com
url,,https://www.atlassystems.com/blog/cybersecurity-in-finance,www.atlassystems.com
url,,https://www.bain.com/how-we-help/how-to-get-the-right-price-for-innovation/,www.bain.com
url,,https://www.bain.com/industry-expertise/private-equity/due-diligence/,www.bain.com
url,,https://www.bankofamerica.com/smallbusiness/business-financing/sba-financing/,www.bankofamerica.com
url,,https://www.barbri.com,www.barbri.com
url,,https://www.barbri.com/bar-review-course,www.barbri.com
url,,https://www.barbri.com/bar-review-course/2026-bar-exam-prep,www.barbri.com
url,,https://www.bbh.com/us/en/what-we-do/capital-partners/multi-family-office.html,www.bbh.com
url,,https://www.bcpllc.com/industries/matrimonial/,www.bcpllc.com
url,,https://www.bdc.ca/en/articles-tools/marketing-sales-export/marketing/pricing-5-common-strategies,www.bdc.ca
url,,https://www.benderprivatewealthmanagement.com/Why-Certifications-Designations-Matter.htm,www.benderprivatewealthmanagement.com
url,,https://www.bls.gov/careeroutlook/2014/article/financial-specialists.htm,www.bls.gov
url,,https://www.bls.gov/ooh/business-and-financial/financial-analysts.htm,www.bls.gov
url,,https://www.bpm.com/insights/generational-wealth-planning/,www.bpm.com
url,,https://www.brightnetwork.co.uk/career-path-guides/investment-banking/roles-in-hedge-fund-management/,www.brightnetwork.co.uk
url,,https://www.cairncross.com/blog/ch-news/should-i-raise-my-first-round-of-funding-via-convertible-debt-or-equity/,www.cairncross.com
url,,https://www.calbar.ca.gov/Portals/0/documents/ls/LS_Ed/LS_Examination/LS_Exam_Prep/LS_Exam_Prep_Estate.pdf,www.calbar.ca.gov
url,,https://www.calbar.ca.gov/sites/default/files/portals/0/documents/ls/Estate-Planning-Trust-Probate-Law-Exam-Scope-and-Sample-Questions.pdf,www.calbar.ca.gov
url,,https://www.calpers.ca.gov/members/retirement-benefits/service-disability-retirement,www.calpers.ca.gov
url,,https://www.cambridge.org/core/product/identifier/S1073110525101599/type/journal_article,www.cambridge.org
url,,https://www.caplindrysdale.com/practices-international_tax,www.caplindrysdale.com
url,,https://www.careerexplorer.com/careers/institutional-asset-manager/,www.careerexplorer.com
url,,https://www.careerexplorer.com/careers/regulatory-compliance-officer/,www.careerexplorer.com
url,,https://www.carltonfields.com/services/tax/international-tax,www.carltonfields.com
url,,https://www.carsonwealth.com/insights/blog/what-do-financial-adviser-designations-mean-what-are-the-letters-after-a-name/,www.carsonwealth.com
url,,https://www.cfaebooks.com,www.cfaebooks.com
url,,https://www.cfainstitute.org/insights/professional-learning/refresher-readings/2026/portfolio-management-institutional-investors,www.cfainstitute.org
url,,https://www.cfainstitute.org/programs/cfa-program/careers/research-analyst,www.cfainstitute.org
url,,https://www.cfoconnect.eu/en/resources/finance-insights/key-finance-team-roles-responsibilities/,www.cfoconnect.eu
url,,https://www.cfp.net/certification-process/education-requirement,www.cfp.net
url,,https://www.cfp.net/certification-process/education-requirement/certification-coursework-requirement/what-youll-learn,www.cfp.net
url,,https://www.cfp.net/certification-process/exam-requirement/cfp-exam-preparation,www.cfp.net
url,,https://www.cfp.net/certification-process/exam-requirement/cfp-exam-preparation/exam-prep-resources,www.cfp.net
url,,https://www.commercialrealestate.loans/commercial-real-estate-glossary/property-management-vs-asset-management/,www.commercialrealestate.loans
url,,https://www.congruentwealth.com/blog/a-philanthropic-advisor-can-be-a-powerful-ally,www.congruentwealth.com
url,,https://www.corporatecomplianceinsights.com/the-roles-of-general-counsel-and-chief-compliance-officers/,www.corporatecomplianceinsights.com
url,,https://www.coso.org/guidance-erm,www.coso.org
url,,https://www.coursera.org/articles/business-intelligence-reporting,www.coursera.org
url,,https://www.csi.ca/en/explore/career-map/corporate-lending-relationship-manager,www.csi.ca
url,,https://www.cunninghamlegal.com/california-legal-services/elder-law/,www.cunninghamlegal.com
url,,https://www.cyberarrow.io/blog/types-of-audits/,www.cyberarrow.io
url,,https://www.darktrace.com/cyber-ai-glossary/cybersecurity-for-financial-services,www.darktrace.com
url,,https://www.dcuc.org/news/advocacy-in-action-banks-selling-to-credit-unions-a-win-for-local-communities,www.dcuc.org
url,,https://www.debtbook.com/blog/cash-management-vs-treasury-management-explained,www.debtbook.com
url,,https://www.duanemorris.com/practices/securitieslaw.html,www.duanemorris.com
url,,https://www.duanemorris.com/site/static/introduction_to_fund_formation.pdf,www.duanemorris.com
url,,https://www.duanemorris.com/site/static/private_equity_fund_distribution_waterfalls.pdf,www.duanemorris.com
url,,https://www.elderlawanswers.com/the-attorneys-role-in-medicaid-planning-12260,www.elderlawanswers.com
url,,https://www.emerald.com/insight/content/doi/10.1108/JFBM-07-2019-0054/full/pdf?title=the-adoption-of-governance-mechanisms-in-family-businesses-an-institutional-lens,www.emerald.com
url,,https://www.emerald.com/insight/content/doi/10.1108/JFBM-08-2021-0096/full/pdf?title=a-theory-of-venture-capital-family-business-a-governance-trajectory,www.emerald.com
url,,https://www.equiomgroup.com/news/understanding-role-trust-protector-modern-trusts,www.equiomgroup.com
url,,https://www.estateandtrustlawyer.com/elder-law-and-medi-cal-planning-securing-your-future-in-california/,www.estateandtrustlawyer.com
url,,https://www.estateplan-lawyers.com/services/elder-law-medical-services,www.estateplan-lawyers.com
url,,https://www.examfx.com/insurance/life-health,www.examfx.com
url,,https://www.experian.com/blogs/ask-experian/loan-officer-vs-mortgage-broker-vs-mortgage-lender/,www.experian.com
url,,https://www.experian.com/blogs/small-business-matters/2021/05/10/adding-tradelines-to-build-credit-for-your-business/,www.experian.com
url,,https://www.expertinstitute.com/expert-witness/personal-property-appraiser/california/,www.expertinstitute.com
url,,https://www.ey.com/en_nl/services/finance-navigator/startup-valuation-applying-the-discounted-cash-flow-method-in-six-easy-step,www.ey.com
url,,https://www.fdic.gov/banker-resource-center/information-technology-it-and-cybersecurity,www.fdic.gov
url,,https://www.fe.training/free-resources/investment-banking/financial-services-industry-front-middle-and-back-office/,www.fe.training
url,,https://www.fe.training/free-resources/private-equity/convertible-venture-debt/,www.fe.training
url,,https://www.fe.training/free-resources/venture-capital/what-is-a-venture-capital-analyst/,www.fe.training
url,,https://www.federalreserve.gov/pubs/feds/1996/199625/199625pap.pdf,www.federalreserve.gov
url,,https://www.fidelity.com/go/philanthropic-consulting,www.fidelity.com
url,,https://www.fiducientadvisors.com/expertise/private-wealth-advisor,www.fiducientadvisors.com
url,,https://www.financialeducatorscouncil.org/how-to-become-a-credit-counselor/,www.financialeducatorscouncil.org
url,,https://www.finra.org/investors/professional-designations/chfc,www.finra.org
url,,https://www.finra.org/registration-exams-ce/qualification-exams/series7,www.finra.org
url,,https://www.fintechweekly.com/magazine/articles/innovative-pricing-strategies-for-fintech-products,www.fintechweekly.com
url,,https://www.flowcap.com/resources/raising-capital-for-startups-equity-venture-debt-or-convertible-note,www.flowcap.com
url,,https://www.forbes.com/sites/paulwestall/2025/07/24/spotlight-the-role-of-family-office-investment-committees/,www.forbes.com
url,,https://www.forecastr.co/blog/financial-modeling-tips,www.forecastr.co
url,,https://www.fortpittcapital.com/blog/understanding-the-different-types-of-financial-advisors/,www.fortpittcapital.com
url,,https://www.foxrothschild.com/international-taxation-wealth-planning/international-wealth-planning,www.foxrothschild.com
url,,https://www.franklincovey.com/coaching/executive-coaching/,www.franklincovey.com
url,,https://www.frontiersin.org/articles/10.3389/fpsyg.2022.939508/full,www.frontiersin.org
url,,https://www.gmdlegal.com/trust-protectors-trust-advisers-and-special-fiduciaries/,www.gmdlegal.com
url,,https://www.highradius.com/resources/Blog/cash-management-guide/,www.highradius.com
url,,https://www.highradius.com/resources/Blog/finance-team-structure/,www.highradius.com
url,,https://www.hklaw.com/en/insights/publications/2003/07/common-trust-and-estate-fiduciary-responsibilities,www.hklaw.com
url,,https://www.hklaw.com/en/services/practices/tax-executive-compensation-and-benefits/international-tax,www.hklaw.com
url,,https://www.holbrookmanter.com/protect-peace-mind-trust-protector/,www.holbrookmanter.com
url,,https://www.humanresourcesedu.org/benefits-specialist/,www.humanresourcesedu.org
url,,https://www.ic3.gov/Media/PDF/AnnualReport/2022_IC3Report.pdf,www.ic3.gov
url,,https://www.ijfmr.com/papers/2023/6/10948.pdf,www.ijfmr.com
url,,https://www.ijfmr.com/papers/2024/6/30422.pdf,www.ijfmr.com
url,,https://www.ijfmr.com/research-paper.php?id=43937,www.ijfmr.com
url,,https://www.ijfmr.com/research-paper.php?id=58780,www.ijfmr.com
url,,https://www.ijisrt.com/commercial-banks-compliance-on-the-pillars-of-antimoney-laundering-aml-and-their-know-your-customer-kyc-practices-towards-ensuring-the-integrity-of-financial-transactions,www.ijisrt.com
url,,https://www.ijsat.org/research-paper.php?id=4236,www.ijsat.org
url,,https://www.indeed.com/career-advice/finding-a-job/compensation-and-benefits-specialist,www.indeed.com
url,,https://www.indeed.com/career-advice/finding-a-job/front-office-vs-middle-office-vs-back-office-investment-banking,www.indeed.com
url,,https://www.indeed.com/career-advice/finding-a-job/what-is-paraplanner,www.indeed.com
url,,https://www.indeed.com/m/jobs?q=Estate+Family+Office+Manager&l=California,www.indeed.com
url,,https://www.innovativehumancapital.com/article/the-case-for-a-chief-innovation-and-transformation-officer-in-the-age-of-ai,www.innovativehumancapital.com
url,,https://www.innreg.com/blog/finra-series-7-license,www.innreg.com
url,,https://www.insurance.ca.gov/0200-industry/0090-faq/lo-ahfaq.cfm,www.insurance.ca.gov
url,,https://www.investopedia.com/articles/investing/111813/optimal-use-financial-leverage-corporate-capital-structure.asp,www.investopedia.com
url,,https://www.investopedia.com/articles/professionals/092415/career-advice-financial-analyst-vsresearch-analyst.asp,www.investopedia.com
url,,https://www.investopedia.com/terms/a/actuarial-assumption.asp,www.investopedia.com
url,,https://www.investopedia.com/terms/p/paraplanning.asp,www.investopedia.com
url,,https://www.investopedia.com/terms/r/relationship-manager.asp,www.investopedia.com
url,,https://www.irejournals.com/paper-details/1712208,www.irejournals.com
url,,https://www.itm-conferences.org/10.1051/itmconf/20257602002,www.itm-conferences.org
url,,https://www.jmbm.com/international-tax.html,www.jmbm.com
url,,https://www.joinleland.com/library/a/a-day-in-the-life-of-a-private-equity-analyst,www.joinleland.com
url,,https://www.joinleland.com/library/a/a-guide-to-financial-modeling-an-overview-of-the-basics,www.joinleland.com
url,,https://www.jpmorgan.com/insights/banking/commercial-banking/venture-debt-how-venture-debt-financing-works,www.jpmorgan.com
url,,https://www.jpmorgan.com/insights/business-planning/business-succession-planning-building-an-effective-team,www.jpmorgan.com
url,,https://www.jpmorgan.com/payments/solutions/trade-and-working-capital/receivables-financing,www.jpmorgan.com
url,,https://www.judson-group.com/talent-wealth-management/,www.judson-group.com
url,,https://www.jurispro.com/category/personal-property-valuation-s-87/CA,www.jurispro.com
url,,https://www.kaplanfinancial.com/cfp/education-program,www.kaplanfinancial.com
url,,https://www.kaplanfinancial.com/cfp/free-study-materials,www.kaplanfinancial.com
url,,https://www.kaplanfinancial.com/insurance/free-study-materials,www.kaplanfinancial.com
url,,https://www.kaplanfinancial.com/resources/getting-started/insurance-careers,www.kaplanfinancial.com
url,,https://www.kaptest.com/bar-exam,www.kaptest.com
url,,https://www.kaptest.com/bar-exam/courses,www.kaptest.com
url,,https://www.kazilawfirm.com/best-trusts-books-for-estate-planning-experts/,www.kazilawfirm.com
url,,https://www.keirsuccess.com/products/the-american-college/chfc-chartered-financial-consultant,www.keirsuccess.com
url,,https://www.kornferry.com/capabilities/assessment-succession/succession-planning,www.kornferry.com
url,,https://www.law.cornell.edu/wex/fiduciary_duties_of_trustees,www.law.cornell.edu
url,,https://www.law.nyu.edu/sites/default/files/upload_documents/Gregg%20Polsky.pdf,www.law.nyu.edu
url,,https://www.lfcu.org/news/managing-money-credit/inside-banking-choices-key-differences-between-community-banks-and-credit-unions/,www.lfcu.org
url,,https://www.linkedin.com/posts/m-amin-and-co-chartered-accountants_audit-internalaudit-financialaudit-activity-7392175358483226625-FRNG,www.linkedin.com
url,,https://www.lw.com/en/practices/white-collar-defense-and-investigations/sec-and-regulatory-enforcement,www.lw.com
url,,https://www.mba.org/conferences-and-education/education-courses/leadership/executive-coaching,www.mba.org
url,,https://www.mccrackenalliance.com/blog/cfo-vs-bookkeeper-understanding-the-distinct-roles,www.mccrackenalliance.com
url,,https://www.mccrackenalliance.com/blog/leverage-ratios-how-cfos-use-debt-metrics-to-navigate-risk-and-growth,www.mccrackenalliance.com
url,,https://www.mckinsey.com/capabilities/risk-and-resilience/our-insights/the-cyber-clock-is-ticking-derisking-emerging-technologies-in-financial-services,www.mckinsey.com
url,,https://www.mdpi.com/1911-8074/17/11/499,www.mdpi.com
url,,https://www.mdpi.com/1911-8074/17/6/241/pdf?version=1718098821,www.mdpi.com
url,,https://www.mdpi.com/2071-1050/11/4/1130/pdf?version=1550734281,www.mdpi.com
url,,https://www.mdpi.com/2071-1050/13/1/5/pdf,www.mdpi.com
url,,https://www.mdpi.com/2071-1050/15/12/9358/pdf?version=1686312400,www.mdpi.com
url,,https://www.mdpi.com/2076-3387/6/3/7/pdf?version=1467356222,www.mdpi.com
url,,https://www.mdpi.com/2199-8531/6/4/119/pdf,www.mdpi.com
url,,https://www.medicaidplanningassistance.org/elder-law-attorneys/,www.medicaidplanningassistance.org
url,,https://www.merceradvisors.com/solutions/family-and-health/generational-wealth-planning/,www.merceradvisors.com
url,,https://www.mesirow.com/wealth-knowledge-center/guide-special-needs-financial-planning,www.mesirow.com
url,,https://www.mgic.com/-/media/loan-officer-hub/downloads/Loan-officer-guide-to-working-with-financial-advisors-2021.pdf,www.mgic.com
url,,https://www.mindmoneybalance.com/blogandvideos/what-is-financial-therapy-become-financial-therapist,www.mindmoneybalance.com
url,,https://www.mjcpa.com/put-a-business-valuation-pro-on-your-ma-team/,www.mjcpa.com
url,,https://www.modern-cre.com/commercial-real-estate-services/asset-portfolio-management-strategy,www.modern-cre.com
url,,https://www.monterra.org/blog/2023/unveiling-the-distinctions-credit-unions-vs-banks-how-are-they-different,www.monterra.org
url,,https://www.morganlewis.com/pubs/2024/07/strengthening-governance-in-family-offices-investment-committees-can-safeguard-family-legacies,www.morganlewis.com
url,,https://www.morganstanley.com/wealth-general/client-relations-contact,www.morganstanley.com
url,,https://www.nacva.com/CVACredentialingResources,www.nacva.com
url,,https://www.nacva.com/store_product.asp?prodid=447,www.nacva.com
url,,https://www.naepc.org/designations/estate-law/study-materials,www.naepc.org
url,,https://www.nav.com/resource/business-tradelines/,www.nav.com
url,,https://www.navyfederal.org/services/business/loans/line-of-credit.html,www.navyfederal.org
url,,https://www.nerdwallet.com/financial-advisors/learn/financial-coach,www.nerdwallet.com
url,,https://www.nerdwallet.com/financial-advisors/learn/how-financial-therapist-shift-your-money-mindset,www.nerdwallet.com
url,,https://www.neumeistercpa.com/forensic-accounting-and-divorce/,www.neumeistercpa.com
url,,https://www.nptrust.org/philanthropic-consulting/,www.nptrust.org
url,,https://www.nunneleyestates.com/appraisals,www.nunneleyestates.com
url,,https://www.oecd.org/content/dam/iops/en/working-papers/WP_24_Background-paper-actuarial-calculations.pdf,www.oecd.org
url,,https://www.opm.gov/policy-data-oversight/training-and-development/career-development/employee-benefits-career-path-guide.pdf,www.opm.gov
url,,https://www.oracle.com/erp/cfo/financial-modeling/,www.oracle.com
url,,https://www.patriotsoftware.com/blog/accounting/different-types-of-audit/,www.patriotsoftware.com
url,,https://www.paystand.com/blog/accounts-receivable-factoring,www.paystand.com
url,,https://www.pricingsolutions.com/pricing-blog/pricing-model-for-new-products/,www.pricingsolutions.com
url,,https://www.priwexus.com/wp-content/uploads/2017/05/Family-Office-Handbook.pdf,www.priwexus.com
url,,https://www.qeios.com/read/TAIKY6/pdf,www.qeios.com
url,,https://www.re-cap.com/blog/capital-structure,www.re-cap.com
url,,https://www.reddit.com/r/CFA/comments/1p9ilqp/looking_for_cfa_level_1_2_and_3_syllabus_pdfs/,www.reddit.com
url,,https://www.reddit.com/r/CFP/comments/190eflc/american_college_for_financial_services_cfp_chfc/,www.reddit.com
url,,https://www.reddit.com/r/CFP/comments/1ex4i03/chfc_study_guide/,www.reddit.com
url,,https://www.reddit.com/r/CFP/comments/1inwwo7/mortgage_broker_loan_officer_vs_financial_advisor/,www.reddit.com
url,,https://www.reddit.com/r/CFP/comments/ok4lai/which_study_materials_are_recommended/,www.reddit.com
url,,https://www.reddit.com/r/FinancialCareers/comments/1p4madq/can_anyone_explain_what_a_hedge_fund_manager_is/,www.reddit.com
url,,https://www.reddit.com/r/FinancialCareers/comments/oiuh21/what_does_a_client_service_associate_at_jp_morgan/,www.reddit.com
url,,https://www.reddit.com/r/FinancialCareers/comments/x8xeox/corporatecommercial_credit_as_a_career/,www.reddit.com
url,,https://www.reddit.com/r/LifeInsurance/comments/110sxj6/can_someone_explain_infinite_banking_concept_with/,www.reddit.com
url,,https://www.reddit.com/r/biglaw/comments/1f1u0sp/inhouse_counsel_securities/,www.reddit.com
url,,https://www.roberthalf.com/us/en/job/san-jose-ca/senior-client-services-wealth-management/00412-9504268078-usen,www.roberthalf.com
url,,https://www.rockpa.org,www.rockpa.org
url,,https://www.salesforce.com/blog/innovation-product-pricing-matters/,www.salesforce.com
url,,https://www.sba.gov/business-guide/plan-your-business/establish-business-credit,www.sba.gov
url,,https://www.sba.gov/funding-programs/loans,www.sba.gov
url,,https://www.sba.gov/funding-programs/loans/7a-loans,www.sba.gov
url,,https://www.sba.gov/partners/lenders/become-sba-lender,www.sba.gov
url,,https://www.schwabjobs.com/job/westlake/retirement-plans-erisa-compliance-manager/33727/90429381472,www.schwabjobs.com
url,,https://www.schweser.com/cfa/level-1,www.schweser.com
url,,https://www.scielo.br/j/ram/a/T78LXLdygYGhvJScRXwBSmQ/?format=pdf&lang=en,www.scielo.br
url,,https://www.sciendo.com/article/10.2478/picbe-2025-0330,www.sciendo.com
url,,https://www.scu.edu/execed/cfp/,www.scu.edu
url,,https://www.selectadvisorsinstitute.com/our-perspective/top-financial-services-business-coach,www.selectadvisorsinstitute.com
url,,https://www.semanticscholar.org/paper/092bb6c5a77442d66315652c91fc7cef6b65319b,www.semanticscholar.org
url,,https://www.semanticscholar.org/paper/0b7a10b2eff4001197a2c65ebe8c5e00db03ecac,www.semanticscholar.org
url,,https://www.semanticscholar.org/paper/1423bf6ca535b5fc81674c7b4f855ff5959982dd,www.semanticscholar.org
url,,https://www.semanticscholar.org/paper/21e781bfb5249917ebd4378084f41cac04a4367f,www.semanticscholar.org
url,,https://www.semanticscholar.org/paper/26ed6b21243e9635d83bcd3fdd49b17345a74f6d,www.semanticscholar.org
url,,https://www.semanticscholar.org/paper/270298fad7245be0e612548310674a0823d8002d,www.semanticscholar.org
url,,https://www.semanticscholar.org/paper/2797a3bb1173becfbc1d693a1b3d63b09a844641,www.semanticscholar.org
url,,https://www.semanticscholar.org/paper/386fd17da931e45c0875b224ae9cbd22c744b5cc,www.semanticscholar.org
url,,https://www.semanticscholar.org/paper/392755a6375613c3c3f2b9d8803f496efbeb77b4,www.semanticscholar.org
url,,https://www.semanticscholar.org/paper/3e560652c0bbcddc4ab2f02139ae63905004edf7,www.semanticscholar.org
url,,https://www.semanticscholar.org/paper/4656664965ebd90e24bf16a8fd6b5f26218cefc2,www.semanticscholar.org
url,,https://www.semanticscholar.org/paper/4d8956f29c0da1007b4e7816bd4dd8e76e89ef3c,www.semanticscholar.org
url,,https://www.semanticscholar.org/paper/591fea984c4f8d4f6b63f6a92282ed27221afb1e,www.semanticscholar.org
url,,https://www.semanticscholar.org/paper/5bd27206593b877efc4bea1900295419370bd7da,www.semanticscholar.org
url,,https://www.semanticscholar.org/paper/648810197bbe0ef81a783b8b3bc7731e00f8bca2,www.semanticscholar.org
url,,https://www.semanticscholar.org/paper/7af577f21e4b22eee7aa7b1cfd3081a80c3229d2,www.semanticscholar.org
url,,https://www.semanticscholar.org/paper/7d964c8c3d1e252eb2e627fb2bf538f4e2762072,www.semanticscholar.org
url,,https://www.semanticscholar.org/paper/7e4a4492cf7bef2f1f801bcbc617b81216346961,www.semanticscholar.org
url,,https://www.semanticscholar.org/paper/804413e70e5a6f8e9f1fe8d46ef5a381629f782f,www.semanticscholar.org
url,,https://www.semanticscholar.org/paper/877c95663ad2db4845d49ed24365b4fe2584dd8e,www.semanticscholar.org
url,,https://www.semanticscholar.org/paper/8af41a6836e5ff40a6d51594d85b8bdea2dd3ad5,www.semanticscholar.org
url,,https://www.semanticscholar.org/paper/8c10ce99f45b93f671b78ca3b45fe3c033e64e26,www.semanticscholar.org
url,,https://www.semanticscholar.org/paper/8cad6d2cdebf31c95c143adf2dc3412f81b4d001,www.semanticscholar.org
url,,https://www.semanticscholar.org/paper/8d1903dde15b3b8d4d34ae7cdd456fdc47b967c1,www.semanticscholar.org
url,,https://www.semanticscholar.org/paper/8fa76f1e5796c4e9c2b0b81672a307786933c365,www.semanticscholar.org
url,,https://www.semanticscholar.org/paper/91018bf8e89d17d9c24c0402df9f150277af1bb2,www.semanticscholar.org
url,,https://www.semanticscholar.org/paper/9aa4d475b716f30713e4071c5e36a3072c5f0afc,www.semanticscholar.org
url,,https://www.semanticscholar.org/paper/a1d0c5a35b57ff65a5f266d0789b4436808bf369,www.semanticscholar.org
url,,https://www.semanticscholar.org/paper/a4b0752e51df9732a66224ae246b519cbe14e763,www.semanticscholar.org
url,,https://www.semanticscholar.org/paper/b089777c86e001f81327a711f2c31e166332ce5e,www.semanticscholar.org
url,,https://www.semanticscholar.org/paper/b3d3f4a8f971356aee1f99574b29bd6e2f4d89df,www.semanticscholar.org
url,,https://www.semanticscholar.org/paper/b40c27946ad5b9f1d34fb711bbc7f5860b36209c,www.semanticscholar.org
url,,https://www.semanticscholar.org/paper/b8641073f4d4948a3422c6c70cd0481c219596f3,www.semanticscholar.org
url,,https://www.semanticscholar.org/paper/bbbcf321fcad84f03fa59fda83ad4f9af32f1fda,www.semanticscholar.org
url,,https://www.semanticscholar.org/paper/c642cad350b56f95bbf15de88fb942962ee05709,www.semanticscholar.org
url,,https://www.semanticscholar.org/paper/cc696e9ef87660c1a3458a0a82c95bb50e43e938,www.semanticscholar.org
url,,https://www.semanticscholar.org/paper/cf656259158ba272d4e045616f2fda1fab00bb48,www.semanticscholar.org
url,,https://www.semanticscholar.org/paper/d37d02a83504a24294575fea09a15e9aff4aadd3,www.semanticscholar.org
url,,https://www.semanticscholar.org/paper/d510ac95ec867abc4b275093647f54e3276191b8,www.semanticscholar.org
url,,https://www.semanticscholar.org/paper/ddb0348dd039afcfee362d57b8ccff7cc67c9747,www.semanticscholar.org
url,,https://www.semanticscholar.org/paper/de4b20d899fd863ba66df47cf984afc0b58ef2fa,www.semanticscholar.org
url,,https://www.semanticscholar.org/paper/e0892827bb677d2a77dbfc9e654b46cb1357caf2,www.semanticscholar.org
url,,https://www.semanticscholar.org/paper/e27bfad311cc356d326c88b2fb34f005a3dc6476,www.semanticscholar.org
url,,https://www.semanticscholar.org/paper/e5a8cc00571a4f765bc6611bf950352eb117ea3a,www.semanticscholar.org
url,,https://www.semanticscholar.org/paper/ed658bd39ee788e08fb14178df95ca019f7a9012,www.semanticscholar.org
url,,https://www.semanticscholar.org/paper/edb816cea0fd9b920ecc84ca995a2901d3febc89,www.semanticscholar.org
url,,https://www.semanticscholar.org/paper/ef9013492a38a8b38144156d7990577e683c7d0f,www.semanticscholar.org
url,,https://www.semanticscholar.org/paper/f51cddab451a59f3acf7f2209fc15593117bf042,www.semanticscholar.org
url,,https://www.semanticscholar.org/paper/f56143d2d9dbb2aeb87b7a6abb8463a973e4a8db,www.semanticscholar.org
url,,https://www.semanticscholar.org/paper/fcf0d53769edf164d4b09b6c0f3743b8447d8e8a,www.semanticscholar.org
url,,https://www.semanticscholar.org/paper/ff9a5c622a402fd4680dfa6e90116c83f99bc413,www.semanticscholar.org
url,,https://www.shs-conferences.org/10.1051/shsconf/202521301027,www.shs-conferences.org
url,,https://www.smartsearch.com/resources/blog/what-is-an-aml-compliance-officer,www.smartsearch.com
url,,https://www.spotdraft.com/blog/general-counsel-vs-chief-compliance-officer-differences,www.spotdraft.com
url,,https://www.ssbfnet.com/ojs/index.php/ijfbs/article/download/2393/1878,www.ssbfnet.com
url,,https://www.ssrn.com/abstract=3779713,www.ssrn.com
url,,https://www.ssrn.com/abstract=4403529,www.ssrn.com
url,,https://www.surgent.com/blog/becker-vs-surgent-best-cpa-review-course/,www.surgent.com
url,,https://www.surgent.com/exam-review/cpa-exam-review/cpa-shop-products/,www.surgent.com
url,,https://www.tabbank.com/resource-center/blog/working-capital-financing/,www.tabbank.com
url,,https://www.tandfonline.com/doi/full/10.1080/26437015.2024.2399170,www.tandfonline.com
url,,https://www.tandfonline.com/doi/pdf/10.1080/01559982.2021.1952685?needAccess=true,www.tandfonline.com
url,,https://www.tandfonline.com/doi/pdf/10.1080/1331677X.2020.1782245?needAccess=true,www.tandfonline.com
url,,https://www.tandfonline.com/doi/pdf/10.1080/1331677X.2020.1867603?needAccess=true,www.tandfonline.com
url,,https://www.tandfonline.com/doi/pdf/10.1080/23311886.2021.1996919?needAccess=true,www.tandfonline.com
url,,https://www.tandfonline.com/doi/pdf/10.1080/23311975.2023.2229106?needAccess=true&role=button,www.tandfonline.com
url,,https://www.tandfonline.com/doi/pdf/10.1080/23311975.2024.2326107?needAccess=true,www.tandfonline.com
url,,https://www.theamericancollege.edu/sites/default/files/2023-12/chfc-brochure.pdf,www.theamericancollege.edu
url,,https://www.theamericancollege.edu/sites/default/files/cfp-chfc-brochure.pdf,www.theamericancollege.edu
url,,https://www.thoughtspot.com/data-trends/business-intelligence/business-intelligence-vs-data-analytics,www.thoughtspot.com
url,,https://www.troutman.com/wp-content/uploads/2024/05/Munich-Conference-Investment-Funds_-Taxation-of-Carried-Interest-and-Management-Fees-4.2024-1.pdf,www.troutman.com
url,,https://www.ubs.com/us/en/wealth-management/our-solutions/private-wealth-management/insights/articles/evolving-the-family-investment-committee.html,www.ubs.com
url,,https://www.unit21.ai/blog/kyc-vs-aml-difference,www.unit21.ai
url,,https://www.urmia.org/blogs/gerard-hughes/2024/06/24/implementing-an-enterprise-risk-framework-a-compre,www.urmia.org
url,,https://www.usbank.com/business-banking/banking-products/business-lending/business-loans/sba-loan.html,www.usbank.com
url,,https://www.vanguardjobs.com/job/22527462/relationship-manager-wealth-management-dallas-tx/,www.vanguardjobs.com
url,,https://www.vanguardjobs.com/our-teams/client-services/,www.vanguardjobs.com
url,,https://www.wallstreetoasis.com/forum/investment-banking/front-officemiddle-officeback-office,www.wallstreetoasis.com
url,,https://www.wallstreetoasis.com/forum/other/commercial-banking-relationship-manager,www.wallstreetoasis.com
url,,https://www.wallstreetprep.com/knowledge/capital-structure/,www.wallstreetprep.com
url,,https://www.wallstreetprep.com/knowledge/venture-capital-diligence/,www.wallstreetprep.com
url,,https://www.wealthspire.com/blog/advisor-designations-and-what-they-mean/,www.wealthspire.com
url,,https://www.weststar.org/resources/education/blog/blog-detail.html?title=how-credit-unions-differ-from-banks,www.weststar.org
url,,https://www.workassist.in/blog/wealth-relationship-manager-roles-and-responsibilities-1724331181,www.workassist.in
url,,https://www.youtube.com/watch?v=8oeh3EOvKi8,www.youtube.com
url,,https://www.youtube.com/watch?v=EEouuH87vAg,www.youtube.com
url,,https://www.youtube.com/watch?v=gQHGfbdNvyA,www.youtube.com
url,,https://www.youtube.com/watch?v=vpV1tM193J4,www.youtube.com
book,"""California Estate Planning"" by CEB",,
book,"""California Wills and Trusts"" (Second Edition 2024) by Wendel & Popovich",,
book,"""Litigating Trust Disputes"" by Matthew Rushton",,
book,"""The Executor's Handbook"" by Hughes & Klein - step-by-step estate settlement",,
book,"""The Single Family Office"" by Richard Wilson",,
book,"""The Trustee Handbook"" by Shier & Ratner - practical trustee administration guidance",,
book,"""Trust Administration for Dummies"" by Munro & Murphy - accessible trust administration guide",,
book,"""Uniform Probate Code and Uniform Trust Code in a Nutshell"" by Averill & Radford",,
book,"1,200+ practice exam questions",,
book,California Estate Planning,,
book,California Probate Code Annotated to CEB Publications,,
book,California Trust Administration,,
book,California Trust and Probate Litigation,,
book,California Wills and Trusts,,
book,Complete compilation organized by professional category:,,
book,Family Office Handbook,,
book,Family Office Navigator: Practical Guide,,
book,International Taxation in a Nutshell,,
book,Litigating Trust Disputes,,
book,Materials: Varies by provider,,
book,Practical Guide to U.S. Taxation of International Transactions,,
book,Rhoades & Langer: U.S. International Taxation and Tax Treaties,,
book,Rutter California Practice Guide: Probate,,
book,Scott and Ascher on Trusts,,
book,State bar attorneys: Annual CLE hours,,
book,Study commitment: 200-240 hours total,,
book,Study hour commitments quantified by credential,,
book,The Executor's Handbook,,
book,The Single Family Office,,
book,The Trustee Handbook,,
book,Trust Administration for Dummies,,
book,Trusts Law: Text and Materials,,
book,Uniform Probate Code and Uniform Trust Code in a Nutshell,,
training_material,"1,200+ practice exam questions (organized by topic)",,
training_material,"2,400-6,000+ practice questions (per credential level)",,
training_material,5 required courses in life insurance and related topics,,
training_material,Business Valuation Certification and Training Center (BVTC),,
training_material,"Buy now, pay later",,
training_material,CVA Exam Q&A Study Guide,,
training_material,Course costs and duration estimates provided,,
training_material,Essentials of Business Valuations,,
training_material,ExamFX Study Guides and Online Courses,,
training_material,Industry Standards and Ethics,,
training_material,"Law school courses: Federal income tax, corporate taxation, international taxation, tax treaties",,
training_material,"Materials: 1,000+ practice questions, case studies, investment policy statement templates",,
training_material,"Materials: 70 topic areas, 2,400+ practice questions",,
training_material,"Materials: Study guides, practice exams, flashcards, webinars",,
training_material,"Materials: Textbooks, online modules, practice questions, case studies",,
training_material,Non-recourse vs. recourse factoring,,
training_material,Online Case Study Report Writing Clinic,,
training_material,Practice materials and resource lists compiled,,
training_material,Provider: The American College (8 required courses),,
training_material,"Resources: 6,000+ practice questions, mock exams, video lectures per provider",,
training_material,"Review courses: Dalton Education, Surgent, AnalystPrep, Kaplan Schweser",,
training_material,Uniform Standards of Professional Appraisal Practice (USPAP),,
training_material,"Unique component: Contemporary Applications course (special needs, divorce, business succession, behavioral finance)",,
training_material,"Westlaw (federal/state case law, California Probate Code, practice guides)",,
provider,"**Becker**: $2,499-$5,999; 190 hours avg per section",,
provider,**Board Secretary** - Meeting documentation and governance administration,,
provider,**Chief Information Security Officer (CISO)** [716-747] - Cybersecurity leadership,,
provider,**In-House Securities Counsel**  - SEC compliance and disclosure[20][21][22][23],,
provider,"**Kaplan**, **Roger**, **Gleim**, **Wiley**, **UWorld**",,
provider,**Regulatory Affairs Specialist**  - Government relations and advocacy[21],,
provider,**Security Operations Center (SOC) Manager**  - 24/7 threat monitoring and incident response[13],,
provider,**Venture Debt Specialist**  - Short-term debt (up to 3 years) for proven startups; senior secured position[21][22],,
provider,ASA Business Valuation Standards,,
provider,Bank Secrecy Act (BSA),,
provider,CFA Institute Research Foundation,,
provider,CFA Institute: Ongoing professional development requirement,,
provider,CFP Board: 30 hours biennially,,
provider,Capital gains vs. ordinary income tax treatment (Section 83(b) elections),,
provider,Components: National section + state-specific sections,,
provider,ExamFX Study Guides and Online Courses,,
provider,FINRA rules and standards,,
provider,"Four exam sections: FAR, AUD, REG, BEC",,
provider,"IRS Publications (17, 544, 950, 334, etc.)",,
provider,IRS forms and instructions,,
provider,"Insider transaction rules (Section 16, Rule 10b-5)",,
provider,"Internal Revenue Code (all sections, particularly estate/gift tax  2001-2801)",,
provider,Kaplan Free Insurance Exam Resources,,
provider,Materials: Official CFA Institute curriculum (6 volumes per level) + third-party providers,,
provider,Provider: The American College (8 required courses),,
provider,"Review courses: Dalton Education, Surgent, AnalystPrep, Kaplan Schweser",,
provider,"SEC 10-K, 10-Q, 8-K filing preparation and compliance",,
provider,Securities and Exchange Commission (SEC) guidance,,
provider,Study commitment: 200-240 hours total (varies by section),,
provider,"Study materials providers: Kaplan Financial Education, ExamFX",,
provider,"Study providers: Kaplan Schweser, AnalystPrep, Bloomberg, Wiley, Imarticus Learning",,
provider,"Study providers: Santa Clara University (w/ Dalton), American College, Kaplan, Boston University",,
provider,Supply chain/third-party security assessment[14],,
provider,Tax implications (IRC Section 7702 compliance),,
provider,Treasury Regulations (international sections 1.861-1 through 1.988-5),,
standard,"**Becker**: $2,499-$5,999; 190 hours avg per section",,
standard,**Board Secretary** - Meeting documentation and governance administration,,
standard,**Business Valuation Manager Pro (BVM Pro)** (Professional Standards compliant software),,
standard,**Chief Information Security Officer (CISO)** [716-747] - Cybersecurity leadership,,
standard,**Corporate Treasurer / Treasury Manager**:[34][35][37][33],,
standard,**In-House Securities Counsel**  - SEC compliance and disclosure[20][21][22][23],,
standard,**Regulatory Affairs Specialist**  - Government relations and advocacy[21],,
standard,**Security Operations Center (SOC) Manager**  - 24/7 threat monitoring and incident response[13],,
standard,"**Treasury Consultant** - Liquidity optimization, cash management strategy, risk mitigation",,
standard,"**Treasury Functions**: Cash flow management, currency risk, debt management",,
standard,**Treasury Management**: Long-term strategic planning and risk management,,
standard,**Venture Debt Specialist**  - Short-term debt (up to 3 years) for proven startups; senior secured position[21][22],,
standard,ASA Business Valuation Standards,,
standard,Bank Secrecy Act (BSA),,
standard,Capital gains vs. ordinary income tax treatment (Section 83(b) elections),,
standard,Components: National section + state-specific sections,,
standard,FINRA rules and standards,,
standard,"Federal, state, and international regulations reviewed",,
standard,"Four exam sections: FAR, AUD, REG, BEC",,
standard,GAAP and IFRS compliance,,
standard,"IRS Publications (17, 544, 950, 334, etc.)",,
standard,IRS forms and instructions,,
standard,"Insider transaction rules (Section 16, Rule 10b-5)",,
standard,"Internal Revenue Code (all sections, particularly estate/gift tax  2001-2801)",,
standard,Internal Revenue Code ( 861-965 for international provisions),,
standard,International Valuation Standards (IVS),,
standard,"LexisNexis (cases, regulations, transactional materials)",,
standard,"Money market funds, Treasury bills, short-term bonds",,
standard,OECD Model Tax Convention,,
standard,PCAOB oversight procedures,,
standard,Regulation FD (Fair Disclosure),,
standard,Revenue recognition standards,,
standard,"SEC 10-K, 10-Q, 8-K filing preparation and compliance",,
standard,Securities and Exchange Commission (SEC) guidance,,
standard,State Probate Codes (California or relevant state),,
standard,State-specific insurance codes and regulations,,
standard,"Study books: Internal Revenue Code, Treasury Regulations, GAAP materials (ASC), GAAS standards",,
standard,Study commitment: 200-240 hours total (varies by section),,
standard,Supply chain/third-party security assessment[14],,
standard,Tax implications (IRC Section 7702 compliance),,
standard,Treasury Management System (TMS) software[35][33][34],,
standard,"Treasury Regulations (1.xxx for income tax, 20.xxx for estate tax, 26.xxx for GST tax)",,
standard,Treasury Regulations (international sections 1.861-1 through 1.988-5),,
standard,Uniform Probate Code (UPC),,
standard,Uniform Standards of Professional Appraisal Practice (USPAP),,
standard,Uniform Trust Code (UTC),,
standard,"Westlaw (federal/state case law, California Probate Code, practice guides)",,
